序号,测试模块,测试概述,测试详情（操作步骤）,预期结果,是否通过,截图,备注
1,注册,正常注册新用户,"1. 打开 /register
2. 输入姓名：测试用户
3. 输入邮箱：test@example.com
4. 输入密码：test1234
5. 输入确认密码：test1234
6. 点击注册按钮",注册成功，自动跳转首页，NavBar 显示用户名和头像,,,密码含字母+数字，长度 ≥8
2,注册,姓名输入框为空,"1. 打开 /register
2. 姓名留空
3. 填写其他字段后点击注册",按钮置灰无法点击，或点击后提示"请输入姓名",,,前端校验
3,注册,姓名超过50字限制,"1. 打开 /register
2. 输入超过50字的姓名
3. 填写其他正确字段后点击注册",提示"姓名不超过 50 字",,,前端校验
4,注册,邮箱格式不正确,"1. 打开 /register
2. 输入非法邮箱如 'abc'、'abc@'、'@abc.com'
3. 填写其他正确字段后点击注册",提示"请输入有效的邮箱地址",,,前端校验
5,注册,密码长度不足8位,"1. 打开 /register
2. 输入密码：ab1（不足8位）
3. 填写其他正确字段后点击注册",提示"密码长度需为 8-32 位",,,前端校验
6,注册,密码超过32位,"1. 打开 /register
2. 输入超过32位的密码
3. 填写其他正确字段后点击注册",提示"密码长度需为 8-32 位",,,前端校验
7,注册,密码只有字母没有数字,"1. 打开 /register
2. 输入密码：abcdefgh（纯字母，≥8位但无数字）
3. 填写其他正确字段后点击注册",提示"密码需包含字母和数字" 或按钮置灰,,,前端校验
8,注册,密码只有数字没有字母,"1. 打开 /register
2. 输入密码：12345678（纯数字，≥8位但无字母）
3. 填写其他正确字段后点击注册",提示"密码需包含字母和数字" 或按钮置灰,,,前端校验
9,注册,确认密码与密码不一致,"1. 打开 /register
2. 输入密码：test1234
3. 输入确认密码：test5678（不同）
4. 点击注册",提示"两次输入的密码不一致" 或按钮置灰,,,前端实时校验，输入框变红
10,注册,重复邮箱注册,"1. 先注册一个用户 test@example.com
2. 再次用相同邮箱注册",返回 409 错误，提示"该邮箱已注册",,,后端校验
11,注册,注册接口速率限制,1. 在 1 分钟内连续发送超过 5 次注册请求,第 6 次起返回 429 / rate_limited 错误,,,express-rate-limit
12,注册,密码哈希存储验证,"1. 注册成功后
2. 直接查看数据库 User 表 password 字段",password 字段存储的是 bcrypt 哈希值（$2a$12$...），不是明文,,,安全性测试：确认密码不存明文
13,注册,相同密码注册两次哈希值不同,"1. 注册用户 A，密码 abc12345
2. 注册用户 B，密码 abc12345
3. 查看数据库两人 password 字段",两人哈希值完全不同（bcrypt 自动加随机盐）,,,安全性测试：防彩虹表
14,登录,正常登录,"1. 打开 /login
2. 输入已注册的邮箱和密码
3. 点击登录按钮",登录成功，跳转首页，NavBar 显示用户信息，localStorage 存储 token 和 user,,,
15,登录,邮箱为空,"1. 打开 /login
2. 邮箱留空，填写密码
3. 点击登录",提示"请输入邮箱地址",,,前端校验
16,登录,密码为空,"1. 打开 /login
2. 填写邮箱，密码留空
3. 点击登录",提示"请输入密码",,,前端校验
17,登录,邮箱格式非法,"1. 打开 /login
2. 输入非法格式邮箱（如 'notanemail'）
3. 填写密码后点击登录",提示"请输入有效的邮箱地址",,,前端校验
18,登录,密码错误,"1. 打开 /login
2. 输入正确邮箱，输入错误密码
3. 点击登录",返回 401 错误，提示"邮箱或密码错误",,,后端统一错误信息，不区分用户是否存在
19,登录,邮箱不存在,"1. 打开 /login
2. 输入未注册的邮箱
3. 点击登录",返回 401 错误，提示"邮箱或密码错误",,,后端不暴露"用户不存在"，防撞库
20,登录,登录接口速率限制,1. 在 1 分钟内连续发送超过 5 次登录请求,第 6 次起返回 429 / rate_limited 错误,,,防暴力破解
21,登录,登录后 Token 写入 localStorage,"1. 正常登录成功
2. 打开浏览器 DevTools → Application → Local Storage",localStorage 中存在 token 和 user 两个 key,,,
22,登录,页面刷新后保持登录态,"1. 登录成功后
2. 按 F5 刷新页面",页面刷新后仍显示已登录状态，不跳转到 /login,,,main.ts 中 initFromStorage()
23,登录,Token 过期后返回 401,"1. 手动在 localStorage 中设置一个已过期的 token
2. 访问需要登录的页面（如 /profile）",后端返回 401，前端清除 localStorage 并跳转 /login,,,JWT exp 校验
24,登录,已登录用户访问登录页自动跳转,"1. 登录成功后
2. 手动访问 /login 或 /register",自动重定向到首页 /,,,路由守卫
25,登录,跨标签页共享登录态,"1. 在标签页 A 登录
2. 打开新标签页 B 访问首页",标签页 B 自动显示已登录状态（从 localStorage 读取）,,,
26,登录,Tampered Token 拒绝,"1. 登录成功后
2. 手动修改 localStorage 中 token 的任意字符
3. 访问受保护接口",后端返回 401（JWT 签名验证失败）,,,安全性测试
27,登录,无 Token 访问受保护接口,"1. 不登录
2. 直接访问 /profile 或 GET /api/auth/me",前端路由守卫跳转 /login；后端 API 返回 401,,,
28,登出,正常登出,"1. 登录成功后
2. 鼠标悬浮右上角用户 chip → 下拉卡片中点击退出登录""""",localStorage 中 token 和 user 被清除，页面显示"登录""立即注册"按钮,,,
29,登出,登出后无法访问受保护页面,"1. 登出后
2. 手动访问 /profile 或 /practice",跳转到 /login,,,
30,密码安全,密码传输确认（开发期）,"1. 打开浏览器 DevTools → Network 标签
2. 执行注册或登录操作
3. 查看请求体",开发期 HTTP 明文传输可接受（localhost），生产环境需 HTTPS,,,安全性测试
31,密码安全,密码不会明文打印到日志,"1. 注册或登录
2. 查看后端终端和服务端日志",日志中不包含用户输入的明文密码,,,安全性测试：检查 app.js 无 console.log(password)
32,密码安全,错误信息不泄露用户信息,登录时分别测试"错误密码"和"不存在的邮箱",两种情况下返回的错误信息完全一致："邮箱或密码错误",,,安全性测试：防用户枚举
33,前端校验,LoginView 不走浏览器原生校验,"1. 打开 /login
2. 查看邮箱输入框 HTML 属性",input 无 required 和 type=""email"" 属性，使用 novalidate 表单,,,自定义校验替代浏览器原生
34,前端校验,RegisterView 不走浏览器原生校验,"1. 打开 /register
2. 查看各输入框 HTML 属性",所有 input 无 required 属性，表单有 novalidate 属性,,,
35,前端校验,校验规则统一引用,1. 查看 LoginView.vue 和 RegisterView.vue 的 import,两个组件均从 @/utils/validation 引用校验函数,,,代码规范
36,前端校验,注册按钮禁用逻辑,"1. 打开 /register
2. 逐步填写符合条件的字段",所有字段符合规则前按钮置灰不可点击，全部合规后按钮激活,,,
37,API 鉴权,非 admin 访问管理后台 API,"1. 用普通用户 token
2. 请求 GET /api/admin/users",返回 403 FORBIDDEN,,,requireAdmin 中间件
38,API 鉴权,非 admin 访问试卷编辑/删除/上传 API,"1. 用普通用户 token
2. 请求 PUT/DELETE /api/papers/:id",返回 403 FORBIDDEN,,,requireAdmin 中间件
